[
    {
        "id": 1,
        "name": "Anjelica Hudson",
        "mobile": "864-889-3507",
        "address": "Apt. 318 035 Brown Mall, Lake Amaltown, KY 96909",
        "links": [
            {
                "rel": "_self",
                "href": "http://localhost:9090/employee/get/1"
            }
        ]
    },
    {
        "id": 2,
        "name": "Criselda Towne",
        "mobile": "(303) 343-0486",
        "address": "00621 Hintz Freeway, West Nida, AK 42886-0284",
        "links": [
            {
                "rel": "_self",
                "href": "http://localhost:9090/employee/get/2"
            }
        ]
    },
    {
        "id": 3,
        "name": "Chung Johns",
        "mobile": "209.424.0014",
        "address": "65888 Mia Grove, Lake Demetrius, NH 39781-6111",
        "links": [
            {
                "rel": "_self",
                "href": "http://localhost:9090/employee/get/3"
            }
        ]
    },
    {
        "id": 4,
        "name": "Lupe Bartell",
        "mobile": "788-049-6951",
        "address": "1950 Runolfsson Street, South Isaborough, MD 01756-5925",
        "links": [
            {
                "rel": "_self",
                "href": "http://localhost:9090/employee/get/4"
            }
        ]
    },
    {
        "id": 5,
        "name": "Randal Hirthe II",
        "mobile": "1-384-142-3230",
        "address": "6676 Manual Curve, Myongburgh, GA 54069",
        "links": [
            {
                "rel": "_self",
                "href": "http://localhost:9090/employee/get/5"
            }
        ]
    },
    {
        "id": 6,
        "name": "Daryl D'Amore",
        "mobile": "825.047.4049",
        "address": "2031 Patricia Views, South Erasmomouth, AZ 06034-3243",
        "links": [
            {
                "rel": "_self",
                "href": "http://localhost:9090/employee/get/6"
            }
        ]
    },
    {
        "id": 7,
        "name": "Joelle Kerluke",
        "mobile": "834.393.3339",
        "address": "22436 Vikki Green, Lake Marilee, TX 30069",
        "links": [
            {
                "rel": "_self",
                "href": "http://localhost:9090/employee/get/7"
            }
        ]
    },
    {
        "id": 8,
        "name": "Terese Hahn",
        "mobile": "1-846-627-3143",
        "address": "Apt. 993 73270 Marlin Coves, Wehnerberg, KS 00485-8780",
        "links": [
            {
                "rel": "_self",
                "href": "http://localhost:9090/employee/get/8"
            }
        ]
    },
    {
        "id": 9,
        "name": "Bryce Ebert DVM",
        "mobile": "(894) 479-0826",
        "address": "Apt. 798 3224 Bianca Cliffs, New Shalanda, SD 70088",
        "links": [
            {
                "rel": "_self",
                "href": "http://localhost:9090/employee/get/9"
            }
        ]
    },
    {
        "id": 10,
        "name": "Cherryl Heidenreich MD",
        "mobile": "652-528-5738",
        "address": "98135 Zulauf Land, East Charismouth, AK 24104-1016",
        "links": [
            {
                "rel": "_self",
                "href": "http://localhost:9090/employee/get/10"
            }
        ]
    }
]